{"cameraMode":{"drawMode":0,"name":"Shaded","section":"Shading Mode"},"sceneLighting":true,"audioPlay":false,"sceneViewState":{"showFog":true,"showMaterialUpdate":false,"showSkybox":true,"showFlares":true,"showImageEffects":true,"showParticleSystems":true},"in2DMode":false,"pivot":{"x":-67.69481658935547,"y":9.617918014526368,"z":-138.32254028320313},"rotation":{"x":-0.070304736495018,"y":-0.06189107149839401,"z":0.004410546738654375,"w":-0.9956094026565552},"size":8.796093940734864,"orthographic":false}