{"cameraMode":{"drawMode":0,"name":"Shaded","section":"Shading Mode"},"sceneLighting":true,"audioPlay":false,"sceneViewState":{"showFog":true,"showMaterialUpdate":false,"showSkybox":true,"showFlares":true,"showImageEffects":true,"showParticleSystems":true},"in2DMode":false,"pivot":{"x":520.7261962890625,"y":320.78558349609377,"z":33.5145263671875},"rotation":{"x":-0.00030982925090938807,"y":0.003597038798034191,"z":-0.000001122348521676031,"w":-0.9999910593032837},"size":368.44781494140627,"orthographic":false}