{"cameraMode":{"drawMode":0,"name":"Shaded","section":"Shading Mode"},"sceneLighting":true,"audioPlay":false,"sceneViewState":{"showFog":true,"showMaterialUpdate":false,"showSkybox":true,"showFlares":true,"showImageEffects":true,"showParticleSystems":true},"in2DMode":false,"pivot":{"x":25.840572357177736,"y":7.015968322753906,"z":23.860260009765626},"rotation":{"x":0.010638473555445671,"y":0.9855122566223145,"z":-0.1553144007921219,"w":0.06755854189395905},"size":79.3680648803711,"orthographic":false}