{"cameraMode":{"drawMode":0,"name":"Shaded","section":"Shading Mode"},"sceneLighting":false,"audioPlay":false,"sceneViewState":{"showFog":true,"showMaterialUpdate":false,"showSkybox":false,"showFlares":true,"showImageEffects":true,"showParticleSystems":true},"in2DMode":false,"pivot":{"x":56.12693786621094,"y":0.7305153608322144,"z":-171.1719970703125},"rotation":{"x":-0.022306784987449647,"y":-0.9629520177841187,"z":0.08398027718067169,"w":-0.25534820556640627},"size":3.296269178390503,"orthographic":false}