{"cameraMode":{"drawMode":0,"name":"Shaded","section":"Shading Mode"},"sceneLighting":true,"audioPlay":false,"sceneViewState":{"showFog":true,"showMaterialUpdate":false,"showSkybox":true,"showFlares":true,"showImageEffects":true,"showParticleSystems":true},"in2DMode":false,"pivot":{"x":68.69999694824219,"y":2.612065315246582,"z":-189.89999389648438},"rotation":{"x":-0.03969108685851097,"y":-0.9261310696601868,"z":0.1018189936876297,"w":-0.3610283434391022},"size":11.39566707611084,"orthographic":false}