{"cameraMode":{"drawMode":0,"name":"Shaded","section":"Shading Mode"},"sceneLighting":true,"audioPlay":false,"sceneViewState":{"showFog":true,"showMaterialUpdate":false,"showSkybox":true,"showFlares":true,"showImageEffects":true,"showParticleSystems":true},"in2DMode":false,"pivot":{"x":65.91897583007813,"y":-27.39535903930664,"z":-52.58966064453125},"rotation":{"x":-0.14706484973430634,"y":-0.10865968465805054,"z":0.01623694598674774,"w":-0.9830260276794434},"size":80.1123275756836,"orthographic":false}
